{"lr": 0.01, "data_time": 0.0006191730499267578, "loss": 1.3757601618766784, "time": 0.12035727500915527, "epoch": 1, "memory": 3099, "step": 100}
{"accuracy/top1": 58.13953399658203, "accuracy/top5": 92.35880279541016, "data_time": 0.06149156093597412, "time": 0.10161020755767822, "step": 1}
{"lr": 0.01, "data_time": 0.0006221055984497071, "loss": 1.1364489257335664, "time": 0.12080633640289307, "epoch": 2, "memory": 3099, "step": 228}
{"accuracy/top1": 73.0896987915039, "accuracy/top5": 97.00997161865234, "data_time": 0.010299877686934038, "time": 0.04537268118424849, "step": 2}
{"lr": 0.01, "data_time": 0.0006870031356811523, "loss": 0.850486820936203, "time": 0.12118637561798096, "epoch": 3, "memory": 3099, "step": 356}
{"accuracy/top1": 83.05648040771484, "accuracy/top5": 99.00332641601562, "data_time": 0.010393056002530184, "time": 0.043049747293645683, "step": 3}
{"lr": 0.01, "data_time": 0.0008726358413696289, "loss": 0.6813095271587372, "time": 0.12177588939666747, "epoch": 4, "memory": 3099, "step": 484}
{"accuracy/top1": 84.71760559082031, "accuracy/top5": 98.00664520263672, "data_time": 0.010476957667957653, "time": 0.043039105155251244, "step": 4}
{"lr": 0.01, "data_time": 0.001153850555419922, "loss": 0.6688148558139801, "time": 0.12213115692138672, "epoch": 5, "memory": 3099, "step": 612}
{"accuracy/top1": 85.38206481933594, "accuracy/top5": 98.00664520263672, "data_time": 0.010601889003406872, "time": 0.04318579760464755, "step": 5}
