{"coco/bbox_mAP": 0.822, "coco/bbox_mAP_50": 0.967, "coco/bbox_mAP_75": 0.965, "coco/bbox_mAP_s": -1.0, "coco/bbox_mAP_m": -1.0, "coco/bbox_mAP_l": 0.822, "data_time": 0.5311139930378307, "time": 0.5747558853842996}