{"lr": 4e-08, "data_time": 11.845262050628662, "loss": 0.4216812252998352, "loss_kpt": 0.4216812252998352, "acc_pose": 0.008928571428571428, "time": 12.01380729675293, "epoch": 1, "memory": 1532, "step": 1}
{"lr": 0.0002105642105263158, "data_time": 10.909407019615173, "loss": 0.4220896065235138, "loss_kpt": 0.4220896065235138, "acc_pose": 0.004464285714285714, "time": 11.035802483558655, "epoch": 1, "memory": 1601, "step": 2}
{"lr": 0.00042108842105263163, "data_time": 10.870274702707926, "loss": 0.4221489429473877, "loss_kpt": 0.4221489429473877, "acc_pose": 0.01488095238095238, "time": 10.980903148651123, "epoch": 1, "memory": 1601, "step": 3}
{"lr": 0.0006316126315789475, "data_time": 10.781584024429321, "loss": 0.4208746775984764, "loss_kpt": 0.4208746775984764, "acc_pose": 0.03869047619047619, "time": 10.883772790431976, "epoch": 1, "memory": 1601, "step": 4}
{"lr": 0.0008421368421052633, "data_time": 10.69459433555603, "loss": 0.41650923490524294, "loss_kpt": 0.41650923490524294, "acc_pose": 0.13839285714285715, "time": 10.795979833602905, "epoch": 1, "memory": 1601, "step": 5}
{"lr": 0.001052661052631579, "data_time": 9.270481189092001, "loss": 0.36451296756664914, "loss_kpt": 0.36451296756664914, "acc_pose": 0.125, "time": 9.36777643362681, "epoch": 1, "memory": 568, "step": 6}
{"lr": 0.0012631852631578948, "data_time": 9.501754488263812, "loss": 0.3602992615529469, "loss_kpt": 0.3602992615529469, "acc_pose": 0.23363095238095238, "time": 9.59615867478507, "epoch": 2, "memory": 1601, "step": 7}
{"lr": 0.0014737094736842105, "data_time": 9.52290454506874, "loss": 0.35461762733757496, "loss_kpt": 0.35461762733757496, "acc_pose": 0.20386904761904762, "time": 9.615251868963242, "epoch": 2, "memory": 1601, "step": 8}
{"lr": 0.0016842336842105262, "data_time": 9.596751239564684, "loss": 0.35056210060914356, "loss_kpt": 0.35056210060914356, "acc_pose": 0.1728590629800307, "time": 9.687825255923801, "epoch": 2, "memory": 1601, "step": 9}
{"lr": 0.0018947578947368419, "data_time": 9.64945421218872, "loss": 0.34732603579759597, "loss_kpt": 0.34732603579759597, "acc_pose": 0.21279761904761904, "time": 9.739105343818665, "epoch": 2, "memory": 1601, "step": 10}
{"lr": 0.0021052821052631576, "data_time": 9.735219933769919, "loss": 0.3435222845185887, "loss_kpt": 0.3435222845185887, "acc_pose": 0.21481374807987713, "time": 9.8239380012859, "epoch": 2, "memory": 1601, "step": 11}
{"lr": 0.0023158063157894732, "data_time": 9.185680190722147, "loss": 0.32118481894334155, "loss_kpt": 0.32118481894334155, "acc_pose": 0.23809523809523808, "time": 9.272035876909891, "epoch": 2, "memory": 568, "step": 12}
{"lr": 0.002526330526315789, "data_time": 9.347309240928062, "loss": 0.32227747027690595, "loss_kpt": 0.32227747027690595, "acc_pose": 0.18601190476190477, "time": 9.43295955657959, "epoch": 3, "memory": 1601, "step": 13}
{"lr": 0.0027368547368421046, "data_time": 9.458793367658343, "loss": 0.32272514913763317, "loss_kpt": 0.32272514913763317, "acc_pose": 0.17559523809523808, "time": 9.543969103268214, "epoch": 3, "memory": 1601, "step": 14}
{"lr": 0.0029473789473684203, "data_time": 9.504734245936076, "loss": 0.32135549585024514, "loss_kpt": 0.32135549585024514, "acc_pose": 0.21615783410138248, "time": 9.589368422826132, "epoch": 3, "memory": 1601, "step": 15}
{"lr": 0.003157903157894736, "data_time": 9.581321522593498, "loss": 0.3222652040421963, "loss_kpt": 0.3222652040421963, "acc_pose": 0.16517857142857142, "time": 9.667177379131317, "epoch": 3, "memory": 1601, "step": 16}
{"lr": 0.0033684273684210517, "data_time": 9.640859786201926, "loss": 0.32676006765926585, "loss_kpt": 0.32676006765926585, "acc_pose": 0.09672619047619048, "time": 9.726247535032385, "epoch": 3, "memory": 1601, "step": 17}
{"lr": 0.0035789515789473674, "data_time": 9.255133628845215, "loss": 0.31443947843379444, "loss_kpt": 0.31443947843379444, "acc_pose": 0.16666666666666666, "time": 9.339313295152452, "epoch": 3, "memory": 568, "step": 18}
{"lr": 0.0037894757894736835, "data_time": 9.279613093325967, "loss": 0.31894355188859136, "loss_kpt": 0.31894355188859136, "acc_pose": 0.1788594470046083, "time": 9.363467781167282, "epoch": 4, "memory": 1601, "step": 19}
{"lr": 0.003999999999999999, "data_time": 9.356099426746368, "loss": 0.3331069122999907, "loss_kpt": 0.3331069122999907, "acc_pose": 0.09375, "time": 9.439267659187317, "epoch": 4, "memory": 1601, "step": 20}
{"lr": 0.003999999999999999, "data_time": 9.392795948755174, "loss": 0.39228979285274235, "loss_kpt": 0.39228979285274235, "acc_pose": 0.046130952380952384, "time": 9.477628174282255, "epoch": 4, "memory": 1601, "step": 21}
{"lr": 0.003999999999999999, "data_time": 9.46036427671259, "loss": 0.42440294779159804, "loss_kpt": 0.42440294779159804, "acc_pose": 0.05515552995391705, "time": 9.544847878542813, "epoch": 4, "memory": 1601, "step": 22}
{"lr": 0.003999999999999999, "data_time": 9.531006813049316, "loss": 0.4337408319115639, "loss_kpt": 0.4337408319115639, "acc_pose": 0.06994047619047619, "time": 9.615323781967163, "epoch": 4, "memory": 1601, "step": 23}
{"lr": 0.003999999999999999, "data_time": 9.250248193740845, "loss": 0.4471212262287736, "loss_kpt": 0.4471212262287736, "acc_pose": 0.005952380952380952, "time": 9.33339735865593, "epoch": 4, "memory": 568, "step": 24}
{"lr": 0.003999999999999999, "data_time": 9.290612268447877, "loss": 0.45210518687963486, "loss_kpt": 0.45210518687963486, "acc_pose": 0.05952380952380952, "time": 9.373536205291748, "epoch": 5, "memory": 1601, "step": 25}
{"lr": 0.003999999999999999, "data_time": 9.351527910966139, "loss": 0.4674635285941454, "loss_kpt": 0.4674635285941454, "acc_pose": 0.09375, "time": 9.434395010654743, "epoch": 5, "memory": 1601, "step": 26}
{"lr": 0.003999999999999999, "data_time": 9.405300829145643, "loss": 0.47493783936456396, "loss_kpt": 0.47493783936456396, "acc_pose": 0.14746543778801843, "time": 9.491230867527149, "epoch": 5, "memory": 1601, "step": 27}
{"lr": 0.003999999999999999, "data_time": 9.411806617464338, "loss": 0.47474454742457184, "loss_kpt": 0.47474454742457184, "acc_pose": 0.09821428571428571, "time": 9.497518701212746, "epoch": 5, "memory": 1601, "step": 28}
{"lr": 0.003999999999999999, "data_time": 9.457181157736942, "loss": 0.4767647383028063, "loss_kpt": 0.4767647383028063, "acc_pose": 0.13839285714285715, "time": 9.542460507359998, "epoch": 5, "memory": 1601, "step": 29}
{"lr": 0.003999999999999999, "data_time": 9.23128060499827, "loss": 0.4645389166971048, "loss_kpt": 0.4645389166971048, "acc_pose": 0.13095238095238096, "time": 9.315839012463888, "epoch": 5, "memory": 568, "step": 30}
{"lr": 0.003999999999999999, "data_time": 9.280808710282848, "loss": 0.4659873792721379, "loss_kpt": 0.4659873792721379, "acc_pose": 0.09375, "time": 9.365201719345585, "epoch": 6, "memory": 1601, "step": 31}
{"lr": 0.003999999999999999, "data_time": 9.316455207765102, "loss": 0.47232227656058967, "loss_kpt": 0.47232227656058967, "acc_pose": 0.08779761904761904, "time": 9.400643683969975, "epoch": 6, "memory": 1601, "step": 32}
{"lr": 0.003999999999999999, "data_time": 9.368699622876717, "loss": 0.47180377782294247, "loss_kpt": 0.47180377782294247, "acc_pose": 0.16373847926267282, "time": 9.452657482840799, "epoch": 6, "memory": 1601, "step": 33}
{"lr": 0.003999999999999999, "data_time": 9.410036199233112, "loss": 0.46951361679855513, "loss_kpt": 0.46951361679855513, "acc_pose": 0.19940476190476192, "time": 9.4938624606413, "epoch": 6, "memory": 1601, "step": 34}
{"lr": 0.003999999999999999, "data_time": 9.443546043123519, "loss": 0.46661783776112964, "loss_kpt": 0.46661783776112964, "acc_pose": 0.1324404761904762, "time": 9.527047511509487, "epoch": 6, "memory": 1601, "step": 35}
{"lr": 0.003999999999999999, "data_time": 9.245570838451385, "loss": 0.45627299116717446, "loss_kpt": 0.45627299116717446, "acc_pose": 0.125, "time": 9.328995711273617, "epoch": 6, "memory": 568, "step": 36}
{"lr": 0.003999999999999999, "data_time": 9.257715289657181,