{"coco/AP": 0.7448201675962767, "coco/AP .5": 1.0, "coco/AP .75": 0.9702970297029703, "coco/AP (M)": -1.0, "coco/AP (L)": 0.7448201675962767, "coco/AR": 0.7738095238095238, "coco/AR .5": 1.0, "coco/AR .75": 0.9761904761904762, "coco/AR (M)": -1.0, "coco/AR (L)": 0.7738095238095238, "PCK": 0.9659863945578229, "AUC": 0.13798185941043084, "NME": 0.04088462777689201, "data_time": 1.5586649179458618, "time": 1.5929982264836628}