{"lr": 4e-08, "data_time": 11.744672536849976, "loss": 0.4216812252998352, "loss_kpt": 0.4216812252998352, "acc_pose": 0.008928571428571428, "time": 11.924111366271973, "epoch": 1, "memory": 1532, "step": 1}
{"lr": 0.0002105642105263158, "data_time": 10.803681015968323, "loss": 0.4220895618200302, "loss_kpt": 0.4220895618200302, "acc_pose": 0.004464285714285714, "time": 10.934303879737854, "epoch": 1, "memory": 1601, "step": 2}
{"lr": 0.00042108842105263163, "data_time": 10.726690689722696, "loss": 0.4221486250559489, "loss_kpt": 0.4221486250559489, "acc_pose": 0.01488095238095238, "time": 10.841104507446289, "epoch": 1, "memory": 1601, "step": 3}
{"lr": 0.0006316126315789475, "data_time": 10.638265132904053, "loss": 0.42087436467409134, "loss_kpt": 0.42087436467409134, "acc_pose": 0.03720238095238095, "time": 10.744039058685303, "epoch": 1, "memory": 1601, "step": 4}
{"lr": 0.0008421368421052633, "data_time": 10.600412607192993, "loss": 0.41650864481925964, "loss_kpt": 0.41650864481925964, "acc_pose": 0.13988095238095238, "time": 10.700896167755127, "epoch": 1, "memory": 1601, "step": 5}
{"lr": 0.001052661052631579, "data_time": 9.186846256256104, "loss": 0.36450762177507084, "loss_kpt": 0.36450762177507084, "acc_pose": 0.125, "time": 9.282790382703146, "epoch": 1, "memory": 568, "step": 6}
{"lr": 0.0012631852631578948, "data_time": 9.425087758472987, "loss": 0.3602870372789247, "loss_kpt": 0.3602870372789247, "acc_pose": 0.23511904761904762, "time": 9.51882883480617, "epoch": 2, "memory": 1601, "step": 7}
{"lr": 0.0014737094736842105, "data_time": 9.442361533641815, "loss": 0.3546250881627202, "loss_kpt": 0.3546250881627202, "acc_pose": 0.2113095238095238, "time": 9.534410506486893, "epoch": 2, "memory": 1601, "step": 8}
{"lr": 0.0016842336842105262, "data_time": 9.470970683627659, "loss": 0.35061009807719123, "loss_kpt": 0.35061009807719123, "acc_pose": 0.16685867895545314, "time": 9.561787843704224, "epoch": 2, "memory": 1601, "step": 9}
{"lr": 0.0018947578947368419, "data_time": 9.514071202278137, "loss": 0.34734660759568214, "loss_kpt": 0.34734660759568214, "acc_pose": 0.22321428571428573, "time": 9.603542733192445, "epoch": 2, "memory": 1601, "step": 10}
{"lr": 0.0021052821052631576, "data_time": 9.594843409278177, "loss": 0.34339121864600614, "loss_kpt": 0.34339121864600614, "acc_pose": 0.21178955453149, "time": 9.683317119424993, "epoch": 2, "memory": 1601, "step": 11}
{"lr": 0.0023158063157894732, "data_time": 8.996247311433157, "loss": 0.3210890678068002, "loss_kpt": 0.3210890678068002, "acc_pose": 0.23809523809523808, "time": 9.082477033138275, "epoch": 2, "memory": 568, "step": 12}
{"lr": 0.002526330526315789, "data_time": 9.132312792998095, "loss": 0.3225175795646814, "loss_kpt": 0.3225175795646814, "acc_pose": 0.17857142857142858, "time": 9.218025427598219, "epoch": 3, "memory": 1601, "step": 13}
{"lr": 0.0027368547368421046, "data_time": 9.244079351425171, "loss": 0.32258909195661545, "loss_kpt": 0.32258909195661545, "acc_pose": 0.17857142857142858, "time": 9.329264862196785, "epoch": 3, "memory": 1601, "step": 14}
{"lr": 0.0029473789473684203, "data_time": 9.291271495819093, "loss": 0.3212408572435379, "loss_kpt": 0.3212408572435379, "acc_pose": 0.22959869431643623, "time": 9.376106341679892, "epoch": 3, "memory": 1601, "step": 15}
{"lr": 0.003157903157894736, "data_time": 9.365822672843933, "loss": 0.32171542290598154, "loss_kpt": 0.32171542290598154, "acc_pose": 0.16517857142857142, "time": 9.453146561980247, "epoch": 3, "memory": 1601, "step": 16}
{"lr": 0.0033684273684210517, "data_time": 9.429912076276892, "loss": 0.3297928720712662, "loss_kpt": 0.3297928720712662, "acc_pose": 0.08928571428571429, "time": 9.516865912605734, "epoch": 3, "memory": 1601, "step": 17}
{"lr": 0.0035789515789473674, "data_time": 9.051881750424704, "loss": 0.31750066868133014, "loss_kpt": 0.31750066868133014, "acc_pose": 0.13690476190476192, "time": 9.137422376208836, "epoch": 3, "memory": 568, "step": 18}
{"lr": 0.0037894757894736835, "data_time": 9.077892717562223, "loss": 0.32137849730880635, "loss_kpt": 0.32137849730880635, "acc_pose": 0.18927611367127495, "time": 9.163079500198364, "epoch": 4, "memory": 1601, "step": 19}
{"lr": 0.003999999999999999, "data_time": 9.182160913944244, "loss": 0.3342183705419302, "loss_kpt": 0.3342183705419302, "acc_pose": 0.15178571428571427, "time": 9.267207229137421, "epoch": 4, "memory": 1601, "step": 20}
{"lr": 0.003999999999999999, "data_time": 9.238241343271165, "loss": 0.34401730660881313, "loss_kpt": 0.34401730660881313, "acc_pose": 0.05803571428571429, "time": 9.32296321505592, "epoch": 4, "memory": 1601, "step": 21}
{"lr": 0.003999999999999999, "data_time": 9.314083662900059, "loss": 0.34947083721106703, "loss_kpt": 0.34947083721106703, "acc_pose": 0.11184715821812595, "time": 9.40014717795632, "epoch": 4, "memory": 1601, "step": 22}
{"lr": 0.003999999999999999, "data_time": 9.390154651973559, "loss": 0.3502868410685788, "loss_kpt": 0.3502868410685788, "acc_pose": 0.16517857142857142, "time": 9.475635580394579, "epoch": 4, "memory": 1601, "step": 23}
{"lr": 0.003999999999999999, "data_time": 9.115400244792303, "loss": 0.3393133111918966, "loss_kpt": 0.3393133111918966, "acc_pose": 0.10714285714285714, "time": 9.199978023767471, "epoch": 4, "memory": 568, "step": 24}
{"lr": 0.003999999999999999, "data_time": 9.137040662765504, "loss": 0.34105508476495744, "loss_kpt": 0.34105508476495744, "acc_pose": 0.12946428571428573, "time": 9.221442880630493, "epoch": 5, "memory": 1601, "step": 25}
{"lr": 0.003999999999999999, "data_time": 9.201505789389977, "loss": 0.3465851811835399, "loss_kpt": 0.3465851811835399, "acc_pose": 0.10714285714285714, "time": 9.286989872272198, "epoch": 5, "memory": 1601, "step": 26}
{"lr": 0.003999999999999999, "data_time": 9.252250132737336, "loss": 0.34647396234450517, "loss_kpt": 0.34647396234450517, "acc_pose": 0.22542242703533028, "time": 9.33750750400402, "epoch": 5, "memory": 1601, "step": 27}
{"lr": 0.003999999999999999, "data_time": 9.26692169053214, "loss": 0.3455365249621017, "loss_kpt": 0.3455365249621017, "acc_pose": 0.22916666666666666, "time": 9.351979144981929, "epoch": 5, "memory": 1601, "step": 28}
{"lr": 0.003999999999999999, "data_time": 9.30865819700833, "loss": 0.34464565972829686, "loss_kpt": 0.34464565972829686, "acc_pose": 0.2663690476190476, "time": 9.393414719351407, "epoch": 5, "memory": 1601, "step": 29}
{"lr": 0.003999999999999999, "data_time": 9.098070907592774, "loss": 0.3361919728418191, "loss_kpt": 0.3361919728418191, "acc_pose": 0.17261904761904762, "time": 9.182027220726013, "epoch": 5, "memory": 568, "step": 30}
{"lr": 0.003999999999999999, "data_time": 9.165166531839679, "loss": 0.3371080532670021, "loss_kpt": 0.3371080532670021, "acc_pose": 0.21726190476190477, "time": 9.248930631145354, "epoch": 6, "memory": 1601, "step": 31}
{"lr": 0.003999999999999999, "data_time": 9.214730471372604, "loss": 0.3376725052949041, "loss_kpt": 0.3376725052949041, "acc_pose": 0.25, "time": 9.298279143869877, "epoch": 6, "memory": 1601, "step": 32}
{"lr": 0.003999999999999999, "data_time": 9.266926505348899, "loss": 0.33639572402744583, "loss_kpt": 0.33639572402744583, "acc_pose": 0.2787538402457757, "time": 9.350375406669848, "epoch": 6, "memory": 1601, "step": 33}
{"lr": 0.003999999999999999, "data_time": 9.347677511327406, "loss": 0.33537886488963575, "loss_kpt": 0.33537886488963575, "acc_pose": 0.2916666666666667, "time": 9.431097283082849, "epoch": 6, "memory": 1601, "step": 34}
{"lr": 0.003999999999999999, "data_time": 9.394188703809466, "loss": 0.33430234853710444, "loss_kpt": 0.33430234853710444, "acc_pose": 0.25, "time": 9.479661287580218, "epoch": 6, "memory": 1601, "step": 35}
{"lr": 0.003999999999999999, "data_time": 9.195395138528612, "loss": 0.3271305989474058, "loss_kpt": 0.3271305989474058, "acc_pose": 0.16071428571428573, "time": 9.280178904533386, "epoch": 6, "memory": 568, "step": 36}
{"lr": 0.003999999999999999, "data_time": 9.213836876121727,