{"accuracy/top1": 85.38206481933594, "accuracy/top5": 98.00664520263672, "data_time": 0.05629706382751465, "time": 0.2477421998977661}